id;serviceOrderId;fromStatus;toStatus;reason;metadata;changedById;changedAt
7cd492b9-0399-4346-823a-92e43c80a4d4;63b37f40-1182-487c-bdea-68a9e30c7b26;OPEN;SCHEDULED;Agendamento inicial criado no seed;"{""source"":""seed""}";b7be9627-c5ea-4b18-9330-0447b12227fd;2026-04-10T01:56:47.980Z
d58c670c-cad8-4c5f-9e00-35a6a347896b;3103e9d7-ed26-4804-9e27-c8a45f901e1f;OPEN;SCHEDULED;Agendamento inicial criado no seed;"{""source"":""seed""}";b7be9627-c5ea-4b18-9330-0447b12227fd;2026-04-22T17:57:26.661Z
79800cd3-7b9a-4787-88de-240858963f65;232c81ab-ef5e-4aa9-9c69-520b4b6b63ef;OPEN;SCHEDULED;Scheduled by seed;;b7be9627-c5ea-4b18-9330-0447b12227fd;2026-04-23T14:37:58.944Z
adbd75b3-0cf0-4150-9809-ed38a9c51f39;232c81ab-ef5e-4aa9-9c69-520b4b6b63ef;SCHEDULED;IN_TRANSIT;Transit by seed;;66d02d69-6227-4a59-a13d-4df9ced51066;2026-04-23T14:37:58.944Z
fb0197df-6c3b-47e0-9d3c-48317df723ee;232c81ab-ef5e-4aa9-9c69-520b4b6b63ef;IN_TRANSIT;IN_PROGRESS;Started by seed;;66d02d69-6227-4a59-a13d-4df9ced51066;2026-04-23T14:37:58.944Z
e0526f34-59ca-46da-a757-cf5001059c25;232c81ab-ef5e-4aa9-9c69-520b4b6b63ef;IN_PROGRESS;COMPLETED;Completed by seed;;66d02d69-6227-4a59-a13d-4df9ced51066;2026-04-23T14:37:58.944Z
48d0b3e4-6019-4ad9-aa7e-793388928262;75f4024e-68ea-4593-8e05-a097188085a7;OPEN;SCHEDULED;Scheduled by seed;;b7be9627-c5ea-4b18-9330-0447b12227fd;2026-04-23T14:37:59.061Z
9e9e4b26-6cd4-4d81-82bf-a99c48909860;75f4024e-68ea-4593-8e05-a097188085a7;SCHEDULED;IN_TRANSIT;Transit by seed;;fad574c3-0ad3-4b2a-912a-ae4b715e6354;2026-04-23T14:37:59.061Z
42374258-d372-4e30-b1d0-2e3baab48d2d;75f4024e-68ea-4593-8e05-a097188085a7;IN_TRANSIT;IN_PROGRESS;Started by seed;;fad574c3-0ad3-4b2a-912a-ae4b715e6354;2026-04-23T14:37:59.061Z
b291cfa5-6567-40bc-b034-3e59dcd0a760;75f4024e-68ea-4593-8e05-a097188085a7;IN_PROGRESS;COMPLETED;Completed by seed;;fad574c3-0ad3-4b2a-912a-ae4b715e6354;2026-04-23T14:37:59.061Z
528e7eae-ae3d-42cb-b811-f15f2e01ba9f;3fd2d91f-3031-4d7f-8e31-c36364a5235c;OPEN;SCHEDULED;Scheduled by seed;;b7be9627-c5ea-4b18-9330-0447b12227fd;2026-04-23T14:37:59.122Z
7109b37f-abcb-45c4-8c38-51cc87c548c5;3fd2d91f-3031-4d7f-8e31-c36364a5235c;SCHEDULED;IN_TRANSIT;Transit by seed;;6154899b-e645-49ec-830a-1c5c0b3264b3;2026-04-23T14:37:59.122Z
8b08ce38-a2ca-4f7c-abee-c2a5f4c0ba2f;3fd2d91f-3031-4d7f-8e31-c36364a5235c;IN_TRANSIT;IN_PROGRESS;Started by seed;;6154899b-e645-49ec-830a-1c5c0b3264b3;2026-04-23T14:37:59.122Z
e5073a34-3dbe-4b40-bca3-3c745475910b;3fd2d91f-3031-4d7f-8e31-c36364a5235c;IN_PROGRESS;COMPLETED;Completed by seed;;6154899b-e645-49ec-830a-1c5c0b3264b3;2026-04-23T14:37:59.122Z
fd918979-bcf0-4d7b-b84c-40449f59c25d;925e95f9-a32b-4694-8d7f-04a5526cba0d;OPEN;SCHEDULED;Scheduled by seed;;b7be9627-c5ea-4b18-9330-0447b12227fd;2026-04-23T14:37:59.176Z
b3ecb6ea-e2ff-4846-9613-5b5aade1f0ff;925e95f9-a32b-4694-8d7f-04a5526cba0d;SCHEDULED;IN_TRANSIT;Transit by seed;;66d02d69-6227-4a59-a13d-4df9ced51066;2026-04-23T14:37:59.176Z
23d45773-692e-49b3-90ba-c3d256b21a35;925e95f9-a32b-4694-8d7f-04a5526cba0d;IN_TRANSIT;IN_PROGRESS;Started by seed;;66d02d69-6227-4a59-a13d-4df9ced51066;2026-04-23T14:37:59.176Z
a576f4c1-f9dd-4362-ac34-1b9a7ab2d9db;925e95f9-a32b-4694-8d7f-04a5526cba0d;IN_PROGRESS;COMPLETED;Completed by seed;;66d02d69-6227-4a59-a13d-4df9ced51066;2026-04-23T14:37:59.176Z
9208c042-5f5d-4aae-a8f2-324fddf1c2a7;49beb0d8-e213-490d-bd4d-5867f9b0145b;OPEN;SCHEDULED;Scheduled by seed;;b7be9627-c5ea-4b18-9330-0447b12227fd;2026-04-23T14:37:59.230Z
e35c7908-817a-4493-b28b-4964afa552d9;49beb0d8-e213-490d-bd4d-5867f9b0145b;SCHEDULED;IN_TRANSIT;Transit by seed;;fad574c3-0ad3-4b2a-912a-ae4b715e6354;2026-04-23T14:37:59.230Z
a09e7fd1-8ecb-4897-ae74-050dec9d1ee9;49beb0d8-e213-490d-bd4d-5867f9b0145b;IN_TRANSIT;IN_PROGRESS;Started by seed;;fad574c3-0ad3-4b2a-912a-ae4b715e6354;2026-04-23T14:37:59.230Z
c069ef19-bf18-4eff-a1e4-8aae09587160;49beb0d8-e213-490d-bd4d-5867f9b0145b;IN_PROGRESS;COMPLETED;Completed by seed;;fad574c3-0ad3-4b2a-912a-ae4b715e6354;2026-04-23T14:37:59.230Z
7d4f6558-4f72-42bc-8c3f-c4a32aea1c07;573a092f-d6c7-49b0-9e24-80152adc5078;OPEN;SCHEDULED;Scheduled by seed;;b7be9627-c5ea-4b18-9330-0447b12227fd;2026-04-23T14:37:59.291Z
515c64d7-7ad4-4b03-8aae-2d10c8ddd668;573a092f-d6c7-49b0-9e24-80152adc5078;SCHEDULED;IN_TRANSIT;Transit by seed;;6154899b-e645-49ec-830a-1c5c0b3264b3;2026-04-23T14:37:59.291Z
a67274de-7ccf-4365-ab3e-3f9df5eb43e6;573a092f-d6c7-49b0-9e24-80152adc5078;IN_TRANSIT;IN_PROGRESS;Started by seed;;6154899b-e645-49ec-830a-1c5c0b3264b3;2026-04-23T14:37:59.291Z
70f152ca-9d69-4b0e-a1dd-0c89186b2a68;573a092f-d6c7-49b0-9e24-80152adc5078;IN_PROGRESS;COMPLETED;Completed by seed;;6154899b-e645-49ec-830a-1c5c0b3264b3;2026-04-23T14:37:59.291Z
3cbe5bff-1ba6-4ab4-8029-2093399ffb0e;75c33f42-5131-4ac3-8705-8c40bb507a48;OPEN;SCHEDULED;Scheduled by seed;;b7be9627-c5ea-4b18-9330-0447b12227fd;2026-04-23T14:37:59.348Z
743f7f9b-05d1-46b2-aba2-793adfd591f6;75c33f42-5131-4ac3-8705-8c40bb507a48;SCHEDULED;IN_TRANSIT;Transit by seed;;66d02d69-6227-4a59-a13d-4df9ced51066;2026-04-23T14:37:59.348Z
68aa5fcf-0bd8-4027-b876-b00f78f758c2;75c33f42-5131-4ac3-8705-8c40bb507a48;IN_TRANSIT;IN_PROGRESS;Started by seed;;66d02d69-6227-4a59-a13d-4df9ced51066;2026-04-23T14:37:59.348Z
a63d215a-cdf4-4ba2-9a04-868b949a229e;75c33f42-5131-4ac3-8705-8c40bb507a48;IN_PROGRESS;COMPLETED;Completed by seed;;66d02d69-6227-4a59-a13d-4df9ced51066;2026-04-23T14:37:59.348Z
d01c873c-8e76-44ce-9a8a-fc3d20d66e65;9fd5459a-5483-4613-8f06-0e27a0668cf6;OPEN;SCHEDULED;Scheduled by seed;;b7be9627-c5ea-4b18-9330-0447b12227fd;2026-04-23T14:37:59.404Z
97deecec-88a4-4f0c-a53c-b9b994709d61;9fd5459a-5483-4613-8f06-0e27a0668cf6;SCHEDULED;IN_TRANSIT;Transit by seed;;fad574c3-0ad3-4b2a-912a-ae4b715e6354;2026-04-23T14:37:59.404Z
ee5007a0-11b4-488f-9b98-0540d1cefa33;9fd5459a-5483-4613-8f06-0e27a0668cf6;IN_TRANSIT;IN_PROGRESS;Started by seed;;fad574c3-0ad3-4b2a-912a-ae4b715e6354;2026-04-23T14:37:59.404Z
7414049a-8e07-463f-98b3-763631144cfb;9fd5459a-5483-4613-8f06-0e27a0668cf6;IN_PROGRESS;COMPLETED;Completed by seed;;fad574c3-0ad3-4b2a-912a-ae4b715e6354;2026-04-23T14:37:59.404Z
591c661d-d1d8-4865-a213-39b4b581c70f;34b74a62-54e2-4144-bf2f-68a8c9fd50a7;OPEN;SCHEDULED;Scheduled by seed;;b7be9627-c5ea-4b18-9330-0447b12227fd;2026-04-23T14:37:59.445Z
a2024b7a-fb88-485a-ae57-af4c44f3a34c;34b74a62-54e2-4144-bf2f-68a8c9fd50a7;SCHEDULED;IN_TRANSIT;Transit by seed;;6154899b-e645-49ec-830a-1c5c0b3264b3;2026-04-23T14:37:59.445Z
893aa6b8-d229-440e-981c-c13551eab6d1;34b74a62-54e2-4144-bf2f-68a8c9fd50a7;IN_TRANSIT;IN_PROGRESS;Started by seed;;6154899b-e645-49ec-830a-1c5c0b3264b3;2026-04-23T14:37:59.445Z
a75ef3d1-ab4e-4635-b056-e20dde59c8a9;34b74a62-54e2-4144-bf2f-68a8c9fd50a7;IN_PROGRESS;COMPLETED;Completed by seed;;6154899b-e645-49ec-830a-1c5c0b3264b3;2026-04-23T14:37:59.445Z
736cd67a-6bd7-4354-8310-5ec646acbbec;104c97e9-01e2-4e00-a9b6-970f3b935979;OPEN;SCHEDULED;Scheduled by seed;;b7be9627-c5ea-4b18-9330-0447b12227fd;2026-04-23T14:37:59.489Z
c3e708af-d78f-4665-880c-74be6254764d;104c97e9-01e2-4e00-a9b6-970f3b935979;SCHEDULED;IN_TRANSIT;Transit by seed;;66d02d69-6227-4a59-a13d-4df9ced51066;2026-04-23T14:37:59.489Z
8183aa5b-e9e3-41d9-a9ec-300510ef4856;104c97e9-01e2-4e00-a9b6-970f3b935979;IN_TRANSIT;IN_PROGRESS;Started by seed;;66d02d69-6227-4a59-a13d-4df9ced51066;2026-04-23T14:37:59.489Z
73d45f80-28c4-4abf-a5d3-e10b1ae38692;104c97e9-01e2-4e00-a9b6-970f3b935979;IN_PROGRESS;COMPLETED;Completed by seed;;66d02d69-6227-4a59-a13d-4df9ced51066;2026-04-23T14:37:59.489Z
047a17c3-609e-406a-97bc-87680b3375c3;4bd49f89-a793-424f-bb46-1247b293c41d;OPEN;SCHEDULED;Scheduled by seed;;b7be9627-c5ea-4b18-9330-0447b12227fd;2026-04-23T14:37:59.525Z
7e8965cf-93ab-48a8-843a-8369150605a2;4bd49f89-a793-424f-bb46-1247b293c41d;SCHEDULED;IN_TRANSIT;Transit by seed;;fad574c3-0ad3-4b2a-912a-ae4b715e6354;2026-04-23T14:37:59.525Z
a3e6ab1c-1ea7-47bf-a340-691c05184b9c;4bd49f89-a793-424f-bb46-1247b293c41d;IN_TRANSIT;IN_PROGRESS;Started by seed;;fad574c3-0ad3-4b2a-912a-ae4b715e6354;2026-04-23T14:37:59.525Z
20bafef3-6109-4faa-a984-6a380e0f2098;4bd49f89-a793-424f-bb46-1247b293c41d;IN_PROGRESS;COMPLETED;Completed by seed;;fad574c3-0ad3-4b2a-912a-ae4b715e6354;2026-04-23T14:37:59.525Z
e7a5df84-a87e-448a-b8ea-a5487341f03e;768234ae-35a9-4b76-adf0-420056500dc4;;SCHEDULED;Criacao da ordem de servico;;b7be9627-c5ea-4b18-9330-0447b12227fd;2026-04-23T14:37:59.583Z
1cd888ed-7e08-4368-9ba6-18b2c126a94c;9b506a71-56cf-498b-9fee-a602549e4ca9;OPEN;SCHEDULED;Scheduled by seed;;b7be9627-c5ea-4b18-9330-0447b12227fd;2026-04-23T14:37:59.589Z
c6ed2eba-3585-4947-8482-a1fa17b97e1c;9b506a71-56cf-498b-9fee-a602549e4ca9;SCHEDULED;IN_TRANSIT;Transit by seed;;6154899b-e645-49ec-830a-1c5c0b3264b3;2026-04-23T14:37:59.589Z
653172f7-c665-42ac-9836-470ea4f61f45;9b506a71-56cf-498b-9fee-a602549e4ca9;IN_TRANSIT;IN_PROGRESS;Started by seed;;6154899b-e645-49ec-830a-1c5c0b3264b3;2026-04-23T14:37:59.589Z
a10007b0-0c0b-4eb1-a210-ccc9caa4034c;9b506a71-56cf-498b-9fee-a602549e4ca9;IN_PROGRESS;COMPLETED;Completed by seed;;6154899b-e645-49ec-830a-1c5c0b3264b3;2026-04-23T14:37:59.589Z
7de2f92a-2e5e-4003-b2eb-942e370f9e9f;9d699774-b068-4251-aa07-63c8cdc42a05;OPEN;SCHEDULED;Scheduled by seed;;b7be9627-c5ea-4b18-9330-0447b12227fd;2026-04-23T14:37:59.637Z
85c04ba6-bc61-431d-b65b-bc468650b312;9d699774-b068-4251-aa07-63c8cdc42a05;SCHEDULED;IN_TRANSIT;Transit by seed;;66d02d69-6227-4a59-a13d-4df9ced51066;2026-04-23T14:37:59.637Z
a3c89ab2-938f-473f-b61b-dddfac1e0d5b;9d699774-b068-4251-aa07-63c8cdc42a05;IN_TRANSIT;IN_PROGRESS;Started by seed;;66d02d69-6227-4a59-a13d-4df9ced51066;2026-04-23T14:37:59.637Z
fcb2a9a3-0a70-4010-82e2-73e1cd03df2e;9d699774-b068-4251-aa07-63c8cdc42a05;IN_PROGRESS;COMPLETED;Completed by seed;;66d02d69-6227-4a59-a13d-4df9ced51066;2026-04-23T14:37:59.637Z
1e4c81e3-53f1-41e7-80af-cbb29a77ca03;af63f345-0ac2-466e-8bb3-f2cd13ea7590;OPEN;SCHEDULED;Scheduled by seed;;b7be9627-c5ea-4b18-9330-0447b12227fd;2026-04-23T14:37:59.765Z
1ad8df31-27b2-44bc-ab9c-6bbdeafd2b3e;af63f345-0ac2-466e-8bb3-f2cd13ea7590;SCHEDULED;IN_TRANSIT;Transit by seed;;fad574c3-0ad3-4b2a-912a-ae4b715e6354;2026-04-23T14:37:59.765Z
a83f2cab-5c14-41b1-be2e-09255c75c953;af63f345-0ac2-466e-8bb3-f2cd13ea7590;IN_TRANSIT;IN_PROGRESS;Started by seed;;fad574c3-0ad3-4b2a-912a-ae4b715e6354;2026-04-23T14:37:59.765Z
7420f0f5-4b3f-45a2-b3e8-e11c4ad4184e;af63f345-0ac2-466e-8bb3-f2cd13ea7590;IN_PROGRESS;COMPLETED;Completed by seed;;fad574c3-0ad3-4b2a-912a-ae4b715e6354;2026-04-23T14:37:59.765Z
c9934bea-b623-4dc6-8928-8cd387a028fc;fc8bf220-db20-41c5-83fa-691cda2424c9;OPEN;SCHEDULED;Scheduled by seed;;b7be9627-c5ea-4b18-9330-0447b12227fd;2026-04-23T14:37:59.807Z
7fd7237e-b20a-4a82-b4fd-7562cae1c61b;fc8bf220-db20-41c5-83fa-691cda2424c9;SCHEDULED;IN_TRANSIT;Transit by seed;;6154899b-e645-49ec-830a-1c5c0b3264b3;2026-04-23T14:37:59.807Z
5902259b-54c2-4dd1-bd55-523548485b3a;fc8bf220-db20-41c5-83fa-691cda2424c9;IN_TRANSIT;IN_PROGRESS;Started by seed;;6154899b-e645-49ec-830a-1c5c0b3264b3;2026-04-23T14:37:59.807Z
3b730f44-298f-458f-940d-388edc646332;fc8bf220-db20-41c5-83fa-691cda2424c9;IN_PROGRESS;COMPLETED;Completed by seed;;6154899b-e645-49ec-830a-1c5c0b3264b3;2026-04-23T14:37:59.807Z
4071c17f-2c18-46dd-820b-a903310483e6;768234ae-35a9-4b76-adf0-420056500dc4;SCHEDULED;IN_TRANSIT;Demo transition to transit;"{""source"":""manual_transition""}";b7be9627-c5ea-4b18-9330-0447b12227fd;2026-04-23T14:37:59.832Z
0702b554-2c64-483d-8a7f-59f45b90ed34;e1c07f07-2818-40c3-a7ee-26fa48f8f0bd;OPEN;SCHEDULED;Scheduled by seed;;b7be9627-c5ea-4b18-9330-0447b12227fd;2026-04-23T14:37:59.855Z
2bbd7084-a37c-4f64-9f1c-ee408493458a;e1c07f07-2818-40c3-a7ee-26fa48f8f0bd;SCHEDULED;IN_TRANSIT;Transit by seed;;66d02d69-6227-4a59-a13d-4df9ced51066;2026-04-23T14:37:59.855Z
34ba8cb2-154f-43c4-9c63-18f00d9fbe9f;e1c07f07-2818-40c3-a7ee-26fa48f8f0bd;IN_TRANSIT;IN_PROGRESS;Started by seed;;66d02d69-6227-4a59-a13d-4df9ced51066;2026-04-23T14:37:59.855Z
ab3371e4-bd60-4fbc-98c9-17a19db9f07a;e1c07f07-2818-40c3-a7ee-26fa48f8f0bd;IN_PROGRESS;COMPLETED;Completed by seed;;66d02d69-6227-4a59-a13d-4df9ced51066;2026-04-23T14:37:59.855Z
4dd7e2d8-bdd6-410d-8fdd-edc2d16e4ef5;1be24922-254e-42ff-b58d-31fc0d47402f;OPEN;SCHEDULED;Scheduled by seed;;b7be9627-c5ea-4b18-9330-0447b12227fd;2026-04-23T14:37:59.898Z
f4dab9c7-72c9-4892-ae87-750a22623768;1be24922-254e-42ff-b58d-31fc0d47402f;SCHEDULED;IN_TRANSIT;Transit by seed;;fad574c3-0ad3-4b2a-912a-ae4b715e6354;2026-04-23T14:37:59.898Z
fccd07f5-d927-43cf-9894-6dcf3f76de5c;1be24922-254e-42ff-b58d-31fc0d47402f;IN_TRANSIT;IN_PROGRESS;Started by seed;;fad574c3-0ad3-4b2a-912a-ae4b715e6354;2026-04-23T14:37:59.898Z
54cba3b1-f4c1-4b9a-a454-65557ad9ca46;1be24922-254e-42ff-b58d-31fc0d47402f;IN_PROGRESS;COMPLETED;Completed by seed;;fad574c3-0ad3-4b2a-912a-ae4b715e6354;2026-04-23T14:37:59.898Z
c4261e73-21a0-453e-96c8-4fc15e201eb8;05d45fc3-fe9e-406a-b09a-c88719025306;OPEN;SCHEDULED;Scheduled by seed;;b7be9627-c5ea-4b18-9330-0447b12227fd;2026-04-23T14:37:59.939Z
1e1875e2-d9bb-4bc6-9cdd-00a917f9c089;05d45fc3-fe9e-406a-b09a-c88719025306;SCHEDULED;IN_TRANSIT;Transit by seed;;6154899b-e645-49ec-830a-1c5c0b3264b3;2026-04-23T14:37:59.939Z
309f4ddd-bf2a-4955-bd1d-0d6efaba58b4;05d45fc3-fe9e-406a-b09a-c88719025306;IN_TRANSIT;IN_PROGRESS;Started by seed;;6154899b-e645-49ec-830a-1c5c0b3264b3;2026-04-23T14:37:59.939Z
abd6a368-28ba-4f5e-a098-a4015e88206b;05d45fc3-fe9e-406a-b09a-c88719025306;IN_PROGRESS;COMPLETED;Completed by seed;;6154899b-e645-49ec-830a-1c5c0b3264b3;2026-04-23T14:37:59.939Z
d1780335-03cb-460f-85b6-0379dff9957d;469278c2-9a0e-480d-9197-dd672e1d223a;OPEN;SCHEDULED;Scheduled by seed;;b7be9627-c5ea-4b18-9330-0447b12227fd;2026-04-23T14:37:59.991Z
eef60298-845d-46f1-a70c-66dfa18a97c0;469278c2-9a0e-480d-9197-dd672e1d223a;SCHEDULED;IN_TRANSIT;Transit by seed;;66d02d69-6227-4a59-a13d-4df9ced51066;2026-04-23T14:37:59.991Z
d4f4a24d-846b-4e10-b9eb-d623932cd867;469278c2-9a0e-480d-9197-dd672e1d223a;IN_TRANSIT;IN_PROGRESS;Started by seed;;66d02d69-6227-4a59-a13d-4df9ced51066;2026-04-23T14:37:59.991Z
4ab38ef3-0e9e-4c0a-99d8-893fb0aa0eb5;469278c2-9a0e-480d-9197-dd672e1d223a;IN_PROGRESS;COMPLETED;Completed by seed;;66d02d69-6227-4a59-a13d-4df9ced51066;2026-04-23T14:37:59.991Z
72e75395-5e0e-481a-9dc3-46c02015bcd4;768234ae-35a9-4b76-adf0-420056500dc4;IN_TRANSIT;IN_PROGRESS;Demo transition to in progress;"{""source"":""manual_transition""}";b7be9627-c5ea-4b18-9330-0447b12227fd;2026-04-23T14:38:00.004Z
6489f7d8-fc16-4661-b71b-dc4364aee25d;ee736865-f7fd-46aa-a56c-c4af785e6271;OPEN;SCHEDULED;Scheduled by seed;;b7be9627-c5ea-4b18-9330-0447b12227fd;2026-04-23T14:38:00.044Z
4013e1eb-dc52-4ca6-8928-367be512faaa;ee736865-f7fd-46aa-a56c-c4af785e6271;SCHEDULED;IN_TRANSIT;Transit by seed;;fad574c3-0ad3-4b2a-912a-ae4b715e6354;2026-04-23T14:38:00.044Z
c6c47dd3-044c-412f-8285-0c97d9842f46;ee736865-f7fd-46aa-a56c-c4af785e6271;IN_TRANSIT;IN_PROGRESS;Started by seed;;fad574c3-0ad3-4b2a-912a-ae4b715e6354;2026-04-23T14:38:00.044Z
3bbc75ae-6052-4809-ac4c-c01f1ccd532d;ee736865-f7fd-46aa-a56c-c4af785e6271;IN_PROGRESS;COMPLETED;Completed by seed;;fad574c3-0ad3-4b2a-912a-ae4b715e6354;2026-04-23T14:38:00.044Z
024aa6a3-0219-4b6f-bcee-42bfd677662c;32d6eeea-cbaf-4584-a39b-176ce1a8aa0c;OPEN;SCHEDULED;Scheduled by seed;;b7be9627-c5ea-4b18-9330-0447b12227fd;2026-04-23T14:38:00.143Z
1db8902c-7274-4ffd-966a-1111989435eb;32d6eeea-cbaf-4584-a39b-176ce1a8aa0c;SCHEDULED;IN_TRANSIT;Transit by seed;;6154899b-e645-49ec-830a-1c5c0b3264b3;2026-04-23T14:38:00.143Z
1a69be9c-fdb6-4ac6-9f6b-795f7ba7bef3;32d6eeea-cbaf-4584-a39b-176ce1a8aa0c;IN_TRANSIT;IN_PROGRESS;Started by seed;;6154899b-e645-49ec-830a-1c5c0b3264b3;2026-04-23T14:38:00.143Z
ba6d0ede-3600-4d16-9ba2-b6949abbb748;32d6eeea-cbaf-4584-a39b-176ce1a8aa0c;IN_PROGRESS;COMPLETED;Completed by seed;;6154899b-e645-49ec-830a-1c5c0b3264b3;2026-04-23T14:38:00.143Z
bddbccac-ae5d-4dc4-a56d-87d64c5cae4a;fb88864f-419c-4bf1-aa5a-e9d90d3d0573;OPEN;SCHEDULED;Scheduled by seed;;b7be9627-c5ea-4b18-9330-0447b12227fd;2026-04-23T14:38:00.241Z
89347c34-75ae-408c-ba2e-e29c604e5329;fb88864f-419c-4bf1-aa5a-e9d90d3d0573;SCHEDULED;IN_TRANSIT;Transit by seed;;66d02d69-6227-4a59-a13d-4df9ced51066;2026-04-23T14:38:00.241Z
9c8552a3-17c3-48b1-8fff-f3443b1a2a3b;fb88864f-419c-4bf1-aa5a-e9d90d3d0573;IN_TRANSIT;IN_PROGRESS;Started by seed;;66d02d69-6227-4a59-a13d-4df9ced51066;2026-04-23T14:38:00.241Z
71786b5e-1c49-458b-9f5e-d13e2027f313;fb88864f-419c-4bf1-aa5a-e9d90d3d0573;IN_PROGRESS;COMPLETED;Completed by seed;;66d02d69-6227-4a59-a13d-4df9ced51066;2026-04-23T14:38:00.241Z
0071c746-bde5-494b-a047-a3d12bbf1035;2b0011e0-cba0-4ce3-996b-b60ed349bb34;OPEN;SCHEDULED;Scheduled by seed;;b7be9627-c5ea-4b18-9330-0447b12227fd;2026-04-23T14:38:00.313Z
9eea206e-ef3b-4412-8872-0af7ae639984;2b0011e0-cba0-4ce3-996b-b60ed349bb34;SCHEDULED;IN_TRANSIT;Transit by seed;;fad574c3-0ad3-4b2a-912a-ae4b715e6354;2026-04-23T14:38:00.313Z
07437765-ee1b-47f3-942b-9d45fcff159d;2b0011e0-cba0-4ce3-996b-b60ed349bb34;IN_TRANSIT;IN_PROGRESS;Started by seed;;fad574c3-0ad3-4b2a-912a-ae4b715e6354;2026-04-23T14:38:00.313Z
9dedc280-64f5-4238-ad1e-bf53d8a210f6;2b0011e0-cba0-4ce3-996b-b60ed349bb34;IN_PROGRESS;COMPLETED;Completed by seed;;fad574c3-0ad3-4b2a-912a-ae4b715e6354;2026-04-23T14:38:00.313Z
6ecd697e-23db-4e60-a989-1d3be0c9b7d0;183c5ac3-6b37-48c7-94c4-48802524e886;OPEN;SCHEDULED;Scheduled by seed;;b7be9627-c5ea-4b18-9330-0447b12227fd;2026-04-23T14:38:00.377Z
842ec427-53ee-4aa5-be84-a4f362f651fb;183c5ac3-6b37-48c7-94c4-48802524e886;SCHEDULED;IN_TRANSIT;Transit by seed;;6154899b-e645-49ec-830a-1c5c0b3264b3;2026-04-23T14:38:00.377Z
c60881ba-58ff-4a3f-a4f5-4eb9a02eed0b;183c5ac3-6b37-48c7-94c4-48802524e886;IN_TRANSIT;IN_PROGRESS;Started by seed;;6154899b-e645-49ec-830a-1c5c0b3264b3;2026-04-23T14:38:00.377Z
415984f7-8c35-4810-8a7d-a229d966dd73;183c5ac3-6b37-48c7-94c4-48802524e886;IN_PROGRESS;COMPLETED;Completed by seed;;6154899b-e645-49ec-830a-1c5c0b3264b3;2026-04-23T14:38:00.377Z
cc424d93-5b4d-41bb-8f19-8a542dc1c9ad;093c0846-503f-428f-a56a-ee96f83f22af;OPEN;SCHEDULED;Scheduled by seed;;b7be9627-c5ea-4b18-9330-0447b12227fd;2026-04-23T14:38:00.428Z
ce8568f9-0ee6-4f3d-8912-9c823f654542;093c0846-503f-428f-a56a-ee96f83f22af;SCHEDULED;IN_TRANSIT;Transit by seed;;66d02d69-6227-4a59-a13d-4df9ced51066;2026-04-23T14:38:00.428Z
5fe84c0f-adbd-43fb-8271-ab9224ec922e;093c0846-503f-428f-a56a-ee96f83f22af;IN_TRANSIT;IN_PROGRESS;Started by seed;;66d02d69-6227-4a59-a13d-4df9ced51066;2026-04-23T14:38:00.428Z
3158d1af-4675-4458-9052-ce3d77694b26;093c0846-503f-428f-a56a-ee96f83f22af;IN_PROGRESS;COMPLETED;Completed by seed;;66d02d69-6227-4a59-a13d-4df9ced51066;2026-04-23T14:38:00.428Z
29e7537a-53b4-45b0-9290-1f5d630ce611;6a207512-f846-4bc6-b55a-8d04bdea1f48;OPEN;SCHEDULED;Scheduled by seed;;b7be9627-c5ea-4b18-9330-0447b12227fd;2026-04-23T14:38:00.515Z
893d3673-f686-49f0-a476-3d09eceb6dff;6a207512-f846-4bc6-b55a-8d04bdea1f48;SCHEDULED;IN_TRANSIT;Transit by seed;;fad574c3-0ad3-4b2a-912a-ae4b715e6354;2026-04-23T14:38:00.515Z
b2b35bec-f98d-4c50-9d57-ee8fc75f2030;6a207512-f846-4bc6-b55a-8d04bdea1f48;IN_TRANSIT;IN_PROGRESS;Started by seed;;fad574c3-0ad3-4b2a-912a-ae4b715e6354;2026-04-23T14:38:00.515Z
5954da62-f9ba-4729-a6fd-526016016ac3;6a207512-f846-4bc6-b55a-8d04bdea1f48;IN_PROGRESS;COMPLETED;Completed by seed;;fad574c3-0ad3-4b2a-912a-ae4b715e6354;2026-04-23T14:38:00.515Z
5f9803fb-e486-4552-afbb-58f3293f052b;d6c2b018-5b88-45d8-9815-3f04548c39f7;OPEN;SCHEDULED;Scheduled by seed;;b7be9627-c5ea-4b18-9330-0447b12227fd;2026-04-23T14:38:00.671Z
cca37941-f44b-4592-959a-fbcb80d50ce7;d6c2b018-5b88-45d8-9815-3f04548c39f7;SCHEDULED;IN_TRANSIT;Transit by seed;;6154899b-e645-49ec-830a-1c5c0b3264b3;2026-04-23T14:38:00.671Z
74e83490-61d0-4f01-9f37-6cfad1f7ad82;d6c2b018-5b88-45d8-9815-3f04548c39f7;IN_TRANSIT;IN_PROGRESS;Started by seed;;6154899b-e645-49ec-830a-1c5c0b3264b3;2026-04-23T14:38:00.671Z
9a8f2687-374a-45d5-86de-10c2c7ec87eb;d6c2b018-5b88-45d8-9815-3f04548c39f7;IN_PROGRESS;COMPLETED;Completed by seed;;6154899b-e645-49ec-830a-1c5c0b3264b3;2026-04-23T14:38:00.671Z
f7cc1260-9419-43a4-8934-bba775add3c4;3a56f648-cc76-467f-915c-3fe7f7219dea;OPEN;SCHEDULED;Scheduled by seed;;b7be9627-c5ea-4b18-9330-0447b12227fd;2026-04-23T14:38:00.771Z
50d0b212-86bd-4490-9749-4c3794eb2d8e;3a56f648-cc76-467f-915c-3fe7f7219dea;SCHEDULED;IN_TRANSIT;Transit by seed;;66d02d69-6227-4a59-a13d-4df9ced51066;2026-04-23T14:38:00.771Z
82dedbe6-4b06-49a7-874b-debddbe5636c;3a56f648-cc76-467f-915c-3fe7f7219dea;IN_TRANSIT;IN_PROGRESS;Started by seed;;66d02d69-6227-4a59-a13d-4df9ced51066;2026-04-23T14:38:00.771Z
6d5c5f1a-ee17-466c-b356-4eb576c31f3e;3a56f648-cc76-467f-915c-3fe7f7219dea;IN_PROGRESS;COMPLETED;Completed by seed;;66d02d69-6227-4a59-a13d-4df9ced51066;2026-04-23T14:38:00.771Z
eac9dae4-ffda-49b6-814a-2b0bb9a8ce9a;2165547b-2125-4ebe-953a-f8e12d6a5920;OPEN;SCHEDULED;Scheduled by seed;;b7be9627-c5ea-4b18-9330-0447b12227fd;2026-04-23T14:38:00.860Z
7f95c659-7117-454e-9df3-94697b72fbfe;2165547b-2125-4ebe-953a-f8e12d6a5920;SCHEDULED;IN_TRANSIT;Transit by seed;;fad574c3-0ad3-4b2a-912a-ae4b715e6354;2026-04-23T14:38:00.860Z
678e8b9f-abf2-4ce8-9d4b-ae7f5d16375d;2165547b-2125-4ebe-953a-f8e12d6a5920;IN_TRANSIT;IN_PROGRESS;Started by seed;;fad574c3-0ad3-4b2a-912a-ae4b715e6354;2026-04-23T14:38:00.860Z
92c4ff10-7893-459a-83c0-c59ac3d11961;2165547b-2125-4ebe-953a-f8e12d6a5920;IN_PROGRESS;COMPLETED;Completed by seed;;fad574c3-0ad3-4b2a-912a-ae4b715e6354;2026-04-23T14:38:00.860Z
0c6986df-cb75-4f33-8cbf-229d5eea3940;8ae353fa-03d9-4535-92f6-df1940f2528c;OPEN;SCHEDULED;Scheduled by seed;;b7be9627-c5ea-4b18-9330-0447b12227fd;2026-04-23T14:38:00.922Z
55e89339-ba79-492e-8bee-c96579edac30;8ae353fa-03d9-4535-92f6-df1940f2528c;SCHEDULED;IN_TRANSIT;Transit by seed;;6154899b-e645-49ec-830a-1c5c0b3264b3;2026-04-23T14:38:00.922Z
2149106a-beb0-4171-bc0b-27807fdde98c;8ae353fa-03d9-4535-92f6-df1940f2528c;IN_TRANSIT;IN_PROGRESS;Started by seed;;6154899b-e645-49ec-830a-1c5c0b3264b3;2026-04-23T14:38:00.922Z
e97816a2-2104-46b1-80b7-5b9ab88890c7;8ae353fa-03d9-4535-92f6-df1940f2528c;IN_PROGRESS;COMPLETED;Completed by seed;;6154899b-e645-49ec-830a-1c5c0b3264b3;2026-04-23T14:38:00.922Z
bcddeaf4-3013-49ae-8c80-a319588bebfc;ebb88f3f-2fe9-445f-8435-50233e5ba12a;OPEN;SCHEDULED;Scheduled by seed;;b7be9627-c5ea-4b18-9330-0447b12227fd;2026-04-23T14:38:00.994Z
9ee1728b-8684-4d48-bf02-3b85007da362;ebb88f3f-2fe9-445f-8435-50233e5ba12a;SCHEDULED;IN_TRANSIT;Transit by seed;;66d02d69-6227-4a59-a13d-4df9ced51066;2026-04-23T14:38:00.994Z
876203f2-9c19-4874-8215-695a128a7bcc;ebb88f3f-2fe9-445f-8435-50233e5ba12a;IN_TRANSIT;IN_PROGRESS;Started by seed;;66d02d69-6227-4a59-a13d-4df9ced51066;2026-04-23T14:38:00.994Z
4aed1ad3-a2da-49da-a8ab-ee6255d1f125;ebb88f3f-2fe9-445f-8435-50233e5ba12a;IN_PROGRESS;COMPLETED;Completed by seed;;66d02d69-6227-4a59-a13d-4df9ced51066;2026-04-23T14:38:00.994Z
5fa6754d-2083-42ff-af99-13961a8fdfa8;1269481e-8fc8-4b07-b7a3-f64f1bde9f90;OPEN;SCHEDULED;Scheduled by seed;;b7be9627-c5ea-4b18-9330-0447b12227fd;2026-04-23T14:38:01.050Z
bccce3d3-d270-41f7-97f4-d704bf2572d6;1269481e-8fc8-4b07-b7a3-f64f1bde9f90;SCHEDULED;IN_TRANSIT;Transit by seed;;fad574c3-0ad3-4b2a-912a-ae4b715e6354;2026-04-23T14:38:01.050Z
c3902e8d-d26a-4f5f-b2b1-eb72213a3b83;1269481e-8fc8-4b07-b7a3-f64f1bde9f90;IN_TRANSIT;IN_PROGRESS;Started by seed;;fad574c3-0ad3-4b2a-912a-ae4b715e6354;2026-04-23T14:38:01.050Z
5ccb942c-78a5-4346-a246-d5b8c04f40ac;1269481e-8fc8-4b07-b7a3-f64f1bde9f90;IN_PROGRESS;COMPLETED;Completed by seed;;fad574c3-0ad3-4b2a-912a-ae4b715e6354;2026-04-23T14:38:01.050Z
f97febaa-cdcd-4b2c-9f86-0e49243fb7f3;49901c27-7102-49f7-a80e-97c2847a4d5d;OPEN;SCHEDULED;Scheduled by seed;;b7be9627-c5ea-4b18-9330-0447b12227fd;2026-04-23T14:38:01.119Z
0dd5eaea-94d4-4b51-96d7-4785bd5a3127;49901c27-7102-49f7-a80e-97c2847a4d5d;SCHEDULED;IN_TRANSIT;Transit by seed;;6154899b-e645-49ec-830a-1c5c0b3264b3;2026-04-23T14:38:01.119Z
a7d8c745-c952-495d-9743-b27979439cb5;49901c27-7102-49f7-a80e-97c2847a4d5d;IN_TRANSIT;IN_PROGRESS;Started by seed;;6154899b-e645-49ec-830a-1c5c0b3264b3;2026-04-23T14:38:01.119Z
7270a01d-904f-43d9-b993-e055c7a1e2de;49901c27-7102-49f7-a80e-97c2847a4d5d;IN_PROGRESS;COMPLETED;Completed by seed;;6154899b-e645-49ec-830a-1c5c0b3264b3;2026-04-23T14:38:01.119Z
39ab26aa-86e3-40a2-9b6c-af615ff9b225;70ac5c6c-003c-4b59-b3bb-7c2fc9326675;OPEN;SCHEDULED;Scheduled by seed;;b7be9627-c5ea-4b18-9330-0447b12227fd;2026-04-23T14:38:01.170Z
8445cfb9-d9a3-418e-9ad8-0a422c2bb01e;70ac5c6c-003c-4b59-b3bb-7c2fc9326675;SCHEDULED;IN_TRANSIT;Transit by seed;;66d02d69-6227-4a59-a13d-4df9ced51066;2026-04-23T14:38:01.170Z
85696719-329d-4d67-87dc-fd08ec86df02;70ac5c6c-003c-4b59-b3bb-7c2fc9326675;IN_TRANSIT;IN_PROGRESS;Started by seed;;66d02d69-6227-4a59-a13d-4df9ced51066;2026-04-23T14:38:01.170Z
2ec6bbbd-5dc7-4b28-b0c2-1f1e980110f1;70ac5c6c-003c-4b59-b3bb-7c2fc9326675;IN_PROGRESS;COMPLETED;Completed by seed;;66d02d69-6227-4a59-a13d-4df9ced51066;2026-04-23T14:38:01.170Z
db1fe2bf-539c-4e4f-abda-a7aa5305fc2f;8e4c0955-555a-4d31-8008-092a8fd73ccd;OPEN;SCHEDULED;Scheduled by seed;;b7be9627-c5ea-4b18-9330-0447b12227fd;2026-04-23T14:38:01.224Z
ac190cbf-2ab9-407f-abf8-bc95ee28705a;8e4c0955-555a-4d31-8008-092a8fd73ccd;SCHEDULED;IN_TRANSIT;Transit by seed;;fad574c3-0ad3-4b2a-912a-ae4b715e6354;2026-04-23T14:38:01.224Z
212edc27-cb49-451f-ac29-cdec5a8e31b0;8e4c0955-555a-4d31-8008-092a8fd73ccd;IN_TRANSIT;IN_PROGRESS;Started by seed;;fad574c3-0ad3-4b2a-912a-ae4b715e6354;2026-04-23T14:38:01.224Z
e76109e2-9319-4377-848c-0879068cf767;8e4c0955-555a-4d31-8008-092a8fd73ccd;IN_PROGRESS;COMPLETED;Completed by seed;;fad574c3-0ad3-4b2a-912a-ae4b715e6354;2026-04-23T14:38:01.224Z
0320a589-632b-4789-a6e4-fd62f7751f61;743a0d39-e973-4324-a225-dc348da48b07;OPEN;SCHEDULED;Scheduled by seed;;b7be9627-c5ea-4b18-9330-0447b12227fd;2026-04-23T14:38:01.271Z
71cdf94b-49c8-429e-b577-fa7e89935c08;743a0d39-e973-4324-a225-dc348da48b07;SCHEDULED;IN_TRANSIT;Transit by seed;;6154899b-e645-49ec-830a-1c5c0b3264b3;2026-04-23T14:38:01.271Z
e0764fce-e947-426c-88a4-defff731fbc8;743a0d39-e973-4324-a225-dc348da48b07;IN_TRANSIT;IN_PROGRESS;Started by seed;;6154899b-e645-49ec-830a-1c5c0b3264b3;2026-04-23T14:38:01.271Z
7b712afc-e4d0-4661-92b0-8741e964fe28;743a0d39-e973-4324-a225-dc348da48b07;IN_PROGRESS;COMPLETED;Completed by seed;;6154899b-e645-49ec-830a-1c5c0b3264b3;2026-04-23T14:38:01.271Z
d9af63a2-8b55-4dbb-86ab-794990fe9c1e;b91b14fe-48e8-45e7-bb71-f8078014bee1;OPEN;SCHEDULED;Scheduled by seed;;b7be9627-c5ea-4b18-9330-0447b12227fd;2026-04-23T14:38:01.329Z
27326fe2-092a-4011-b7a8-a9c84ff6a27c;b91b14fe-48e8-45e7-bb71-f8078014bee1;SCHEDULED;IN_TRANSIT;Transit by seed;;66d02d69-6227-4a59-a13d-4df9ced51066;2026-04-23T14:38:01.329Z
8629495e-054a-46c9-a363-7878c336be8f;b91b14fe-48e8-45e7-bb71-f8078014bee1;IN_TRANSIT;IN_PROGRESS;Started by seed;;66d02d69-6227-4a59-a13d-4df9ced51066;2026-04-23T14:38:01.329Z
3672ee64-4ee4-457e-8dc9-5f66f22db353;b91b14fe-48e8-45e7-bb71-f8078014bee1;IN_PROGRESS;COMPLETED;Completed by seed;;66d02d69-6227-4a59-a13d-4df9ced51066;2026-04-23T14:38:01.329Z
3b00ccc4-8a14-47e9-8c42-d81a3f392a82;bc8d1df6-2690-4253-be4c-029cc1903b28;OPEN;SCHEDULED;Scheduled by seed;;b7be9627-c5ea-4b18-9330-0447b12227fd;2026-04-23T14:38:01.382Z
36904a0d-079e-4e60-be09-07c028b5b9d9;bc8d1df6-2690-4253-be4c-029cc1903b28;SCHEDULED;IN_TRANSIT;Transit by seed;;fad574c3-0ad3-4b2a-912a-ae4b715e6354;2026-04-23T14:38:01.382Z
42fee45c-c748-4f76-8a69-cd69357df48c;bc8d1df6-2690-4253-be4c-029cc1903b28;IN_TRANSIT;IN_PROGRESS;Started by seed;;fad574c3-0ad3-4b2a-912a-ae4b715e6354;2026-04-23T14:38:01.382Z
42a1e56d-0ac6-4842-8767-5755f71f295c;bc8d1df6-2690-4253-be4c-029cc1903b28;IN_PROGRESS;COMPLETED;Completed by seed;;fad574c3-0ad3-4b2a-912a-ae4b715e6354;2026-04-23T14:38:01.382Z
af7e9e12-5778-4cc6-aa7c-1d375c787a31;a29440b3-bc02-4227-aead-9f535c7e12a4;OPEN;SCHEDULED;Scheduled by seed;;b7be9627-c5ea-4b18-9330-0447b12227fd;2026-04-23T14:38:01.443Z
dcdf28d6-b37e-48c6-9e6f-547685b209ad;a29440b3-bc02-4227-aead-9f535c7e12a4;SCHEDULED;IN_TRANSIT;Transit by seed;;6154899b-e645-49ec-830a-1c5c0b3264b3;2026-04-23T14:38:01.443Z
74003218-768f-481b-9fac-54725116f093;a29440b3-bc02-4227-aead-9f535c7e12a4;IN_TRANSIT;IN_PROGRESS;Started by seed;;6154899b-e645-49ec-830a-1c5c0b3264b3;2026-04-23T14:38:01.443Z
cb400725-b2cf-4143-b36b-8d608fd54eb8;a29440b3-bc02-4227-aead-9f535c7e12a4;IN_PROGRESS;COMPLETED;Completed by seed;;6154899b-e645-49ec-830a-1c5c0b3264b3;2026-04-23T14:38:01.443Z
97280431-8a10-4f12-8af8-3f71525473cf;2ca109f0-185c-41c7-b99f-1c5491959380;OPEN;SCHEDULED;Scheduled by seed;;b7be9627-c5ea-4b18-9330-0447b12227fd;2026-04-23T14:38:01.527Z
dc02db40-d6d6-499d-be6c-557062043e3f;2ca109f0-185c-41c7-b99f-1c5491959380;SCHEDULED;IN_TRANSIT;Transit by seed;;66d02d69-6227-4a59-a13d-4df9ced51066;2026-04-23T14:38:01.527Z
1165bd6e-2624-45c5-bd07-58f37742a369;2ca109f0-185c-41c7-b99f-1c5491959380;IN_TRANSIT;IN_PROGRESS;Started by seed;;66d02d69-6227-4a59-a13d-4df9ced51066;2026-04-23T14:38:01.527Z
60db01ce-04e4-4dc9-af3d-f79b4c319753;2ca109f0-185c-41c7-b99f-1c5491959380;IN_PROGRESS;COMPLETED;Completed by seed;;66d02d69-6227-4a59-a13d-4df9ced51066;2026-04-23T14:38:01.527Z
10fa293c-0a53-4035-a2ea-5f06ceb460e5;4d0ad7a9-3fd6-4876-980f-54662fc4f1ac;OPEN;SCHEDULED;Scheduled by seed;;b7be9627-c5ea-4b18-9330-0447b12227fd;2026-04-23T14:38:01.605Z
005cdf99-ddbc-48cf-99bb-c53aa5b6bb6d;4d0ad7a9-3fd6-4876-980f-54662fc4f1ac;SCHEDULED;IN_TRANSIT;Transit by seed;;fad574c3-0ad3-4b2a-912a-ae4b715e6354;2026-04-23T14:38:01.605Z
4dcac65b-6adc-495b-9dd2-a187bc35789f;4d0ad7a9-3fd6-4876-980f-54662fc4f1ac;IN_TRANSIT;IN_PROGRESS;Started by seed;;fad574c3-0ad3-4b2a-912a-ae4b715e6354;2026-04-23T14:38:01.605Z
8f8fdc8d-5d43-4a37-aa19-5e9af1df44e0;4d0ad7a9-3fd6-4876-980f-54662fc4f1ac;IN_PROGRESS;COMPLETED;Completed by seed;;fad574c3-0ad3-4b2a-912a-ae4b715e6354;2026-04-23T14:38:01.605Z
65c472c0-2ace-4634-bafc-aa51390592e7;7601bc62-b8d3-482a-b538-6b1b3c45c6b5;OPEN;SCHEDULED;Scheduled by seed;;b7be9627-c5ea-4b18-9330-0447b12227fd;2026-04-23T14:38:01.690Z
57133f52-6ade-48cd-ad71-516451c3fd41;7601bc62-b8d3-482a-b538-6b1b3c45c6b5;SCHEDULED;IN_TRANSIT;Transit by seed;;6154899b-e645-49ec-830a-1c5c0b3264b3;2026-04-23T14:38:01.690Z
0238c445-ba53-4686-87e8-90672f6a686f;7601bc62-b8d3-482a-b538-6b1b3c45c6b5;IN_TRANSIT;IN_PROGRESS;Started by seed;;6154899b-e645-49ec-830a-1c5c0b3264b3;2026-04-23T14:38:01.690Z
ea16b568-630d-4dca-8b80-61d3128c5ba0;7601bc62-b8d3-482a-b538-6b1b3c45c6b5;IN_PROGRESS;COMPLETED;Completed by seed;;6154899b-e645-49ec-830a-1c5c0b3264b3;2026-04-23T14:38:01.690Z
d95bcea9-d2cb-4b1a-ae2b-761395199bca;8565fdc6-5a41-4871-b437-540c1502aed9;OPEN;SCHEDULED;Scheduled by seed;;b7be9627-c5ea-4b18-9330-0447b12227fd;2026-04-23T14:38:01.763Z
fc033482-a78a-45b6-824d-6fae7c5f3c12;8565fdc6-5a41-4871-b437-540c1502aed9;SCHEDULED;IN_TRANSIT;Transit by seed;;66d02d69-6227-4a59-a13d-4df9ced51066;2026-04-23T14:38:01.763Z
0c9a2a08-8b86-4d95-bd77-2bfdfe0112ed;8565fdc6-5a41-4871-b437-540c1502aed9;IN_TRANSIT;IN_PROGRESS;Started by seed;;66d02d69-6227-4a59-a13d-4df9ced51066;2026-04-23T14:38:01.763Z
59c7318d-8ac8-42a8-808b-46b938923916;8565fdc6-5a41-4871-b437-540c1502aed9;IN_PROGRESS;COMPLETED;Completed by seed;;66d02d69-6227-4a59-a13d-4df9ced51066;2026-04-23T14:38:01.763Z
a899f339-2ea4-4136-bef7-c682843452f0;895b42f3-812f-4dcd-b4e3-cf6ceff30112;OPEN;SCHEDULED;Scheduled by seed;;b7be9627-c5ea-4b18-9330-0447b12227fd;2026-04-23T14:38:01.822Z
9a48d6c9-7c57-4243-9f5a-06b645d70292;768234ae-35a9-4b76-adf0-420056500dc4;IN_PROGRESS;COMPLETED;Check-out do tecnico;;b7be9627-c5ea-4b18-9330-0447b12227fd;2026-04-23T14:38:01.236Z
936e87c2-42bb-4eaf-b942-cbf21b9559d0;895b42f3-812f-4dcd-b4e3-cf6ceff30112;SCHEDULED;IN_TRANSIT;Transit by seed;;fad574c3-0ad3-4b2a-912a-ae4b715e6354;2026-04-23T14:38:01.822Z
04ad9da5-32ae-4123-8b0a-6bf86c7b9908;895b42f3-812f-4dcd-b4e3-cf6ceff30112;IN_TRANSIT;IN_PROGRESS;Started by seed;;fad574c3-0ad3-4b2a-912a-ae4b715e6354;2026-04-23T14:38:01.822Z
e4cc4057-10dc-4aef-ab04-9cf48ce8f588;895b42f3-812f-4dcd-b4e3-cf6ceff30112;IN_PROGRESS;COMPLETED;Completed by seed;;fad574c3-0ad3-4b2a-912a-ae4b715e6354;2026-04-23T14:38:01.822Z
0c597d18-a4f3-477c-85b7-8c81eb6db9a6;da468f6f-e136-42f0-bbf0-4ad709a9d798;OPEN;SCHEDULED;Scheduled by seed;;b7be9627-c5ea-4b18-9330-0447b12227fd;2026-04-23T14:38:01.884Z
8135bd42-0e4b-48ae-bd22-f768d11c7540;da468f6f-e136-42f0-bbf0-4ad709a9d798;SCHEDULED;IN_TRANSIT;Transit by seed;;6154899b-e645-49ec-830a-1c5c0b3264b3;2026-04-23T14:38:01.884Z
37c0cccb-8530-4857-ae88-21f3054b8195;da468f6f-e136-42f0-bbf0-4ad709a9d798;IN_TRANSIT;IN_PROGRESS;Started by seed;;6154899b-e645-49ec-830a-1c5c0b3264b3;2026-04-23T14:38:01.884Z
06913213-3010-46b7-8ab2-103ca562716f;da468f6f-e136-42f0-bbf0-4ad709a9d798;IN_PROGRESS;COMPLETED;Completed by seed;;6154899b-e645-49ec-830a-1c5c0b3264b3;2026-04-23T14:38:01.884Z
f86b4d84-013a-4879-a45f-b937b4bd2b1d;5585c6c2-42bc-4f8a-b340-5b03241bc136;OPEN;SCHEDULED;Scheduled by seed;;b7be9627-c5ea-4b18-9330-0447b12227fd;2026-04-23T14:38:01.938Z
009a9206-b609-46ed-b887-46cc290ad296;5585c6c2-42bc-4f8a-b340-5b03241bc136;SCHEDULED;IN_TRANSIT;Transit by seed;;66d02d69-6227-4a59-a13d-4df9ced51066;2026-04-23T14:38:01.938Z
c36cb8a3-6c37-479c-bec2-d240f5ea24e3;5585c6c2-42bc-4f8a-b340-5b03241bc136;IN_TRANSIT;IN_PROGRESS;Started by seed;;66d02d69-6227-4a59-a13d-4df9ced51066;2026-04-23T14:38:01.938Z
b11b9bdf-3bd0-4090-97a6-c5de17fdd587;5585c6c2-42bc-4f8a-b340-5b03241bc136;IN_PROGRESS;COMPLETED;Completed by seed;;66d02d69-6227-4a59-a13d-4df9ced51066;2026-04-23T14:38:01.938Z
b9fad6f3-0ef3-4f7a-8a82-18348c670692;efafe39d-dd18-4e05-9d7f-cc794398d9f3;OPEN;SCHEDULED;Scheduled by seed;;b7be9627-c5ea-4b18-9330-0447b12227fd;2026-04-23T14:38:01.977Z
f3668f9f-bbe4-4c85-ae22-3b9e150ea097;efafe39d-dd18-4e05-9d7f-cc794398d9f3;SCHEDULED;IN_TRANSIT;Transit by seed;;fad574c3-0ad3-4b2a-912a-ae4b715e6354;2026-04-23T14:38:01.977Z
6b6e155f-2b9c-4222-b3e8-e32401edef50;efafe39d-dd18-4e05-9d7f-cc794398d9f3;IN_TRANSIT;IN_PROGRESS;Started by seed;;fad574c3-0ad3-4b2a-912a-ae4b715e6354;2026-04-23T14:38:01.977Z
7debfa3a-a266-4343-993a-e01a6afe29b3;efafe39d-dd18-4e05-9d7f-cc794398d9f3;IN_PROGRESS;COMPLETED;Completed by seed;;fad574c3-0ad3-4b2a-912a-ae4b715e6354;2026-04-23T14:38:01.977Z
4ec5b4bc-a8e0-46e6-8d0b-c5c331f5aa9c;643dec30-7d19-4da1-a276-c30cacfeaaeb;OPEN;SCHEDULED;Scheduled by seed;;b7be9627-c5ea-4b18-9330-0447b12227fd;2026-04-23T14:38:02.012Z
70ffaa80-95b0-4c53-9ec1-c98a53d77808;643dec30-7d19-4da1-a276-c30cacfeaaeb;SCHEDULED;IN_TRANSIT;Transit by seed;;6154899b-e645-49ec-830a-1c5c0b3264b3;2026-04-23T14:38:02.012Z
670c9da8-e124-476c-9d37-38ea1bb0da7a;643dec30-7d19-4da1-a276-c30cacfeaaeb;IN_TRANSIT;IN_PROGRESS;Started by seed;;6154899b-e645-49ec-830a-1c5c0b3264b3;2026-04-23T14:38:02.012Z
46757ad5-2e7a-4e09-b41d-1eb3cc49ea47;643dec30-7d19-4da1-a276-c30cacfeaaeb;IN_PROGRESS;COMPLETED;Completed by seed;;6154899b-e645-49ec-830a-1c5c0b3264b3;2026-04-23T14:38:02.012Z
845e7da3-16e3-4fc6-b46a-3239f88e0830;fb1ad17f-ced2-4fc5-bb76-861ec856eddf;OPEN;SCHEDULED;Scheduled by seed;;b7be9627-c5ea-4b18-9330-0447b12227fd;2026-04-23T14:38:02.047Z
db9babcd-9a33-49de-b9bd-df9bd32ea93a;fb1ad17f-ced2-4fc5-bb76-861ec856eddf;SCHEDULED;IN_TRANSIT;Transit by seed;;66d02d69-6227-4a59-a13d-4df9ced51066;2026-04-23T14:38:02.047Z
7d0b525a-a48a-47c8-b922-6b63b8eff2f7;fb1ad17f-ced2-4fc5-bb76-861ec856eddf;IN_TRANSIT;IN_PROGRESS;Started by seed;;66d02d69-6227-4a59-a13d-4df9ced51066;2026-04-23T14:38:02.047Z
d9e97abb-074a-4477-8e9c-e9c29ec6789f;fb1ad17f-ced2-4fc5-bb76-861ec856eddf;IN_PROGRESS;COMPLETED;Completed by seed;;66d02d69-6227-4a59-a13d-4df9ced51066;2026-04-23T14:38:02.047Z
59734ac5-04fd-4834-923a-3197f0e1b537;92540568-9ba8-4dc9-93cd-e5c42b4a4b8d;OPEN;SCHEDULED;Scheduled by seed;;b7be9627-c5ea-4b18-9330-0447b12227fd;2026-04-23T14:38:02.087Z
f5d7c60f-b72d-4a9c-91a5-1739cbd145db;92540568-9ba8-4dc9-93cd-e5c42b4a4b8d;SCHEDULED;IN_TRANSIT;Transit by seed;;fad574c3-0ad3-4b2a-912a-ae4b715e6354;2026-04-23T14:38:02.087Z
2faba8d5-49a2-4fd2-a18e-336eedb9ee43;92540568-9ba8-4dc9-93cd-e5c42b4a4b8d;IN_TRANSIT;IN_PROGRESS;Started by seed;;fad574c3-0ad3-4b2a-912a-ae4b715e6354;2026-04-23T14:38:02.087Z
26164203-2280-4efc-9508-e96beae83946;92540568-9ba8-4dc9-93cd-e5c42b4a4b8d;IN_PROGRESS;COMPLETED;Completed by seed;;fad574c3-0ad3-4b2a-912a-ae4b715e6354;2026-04-23T14:38:02.087Z
378b24a4-5304-4a2a-9e68-8f2c56b380f3;b3032c72-dda9-4e0b-a4e7-113190a54abe;;SCHEDULED;Criacao da ordem de servico;;b7be9627-c5ea-4b18-9330-0447b12227fd;2026-04-23T14:39:52.082Z
f7308fb8-d2f7-4b67-98a7-7f3dd5c8cf0a;b3032c72-dda9-4e0b-a4e7-113190a54abe;SCHEDULED;IN_TRANSIT;Demo transition to transit;"{""source"":""manual_transition""}";b7be9627-c5ea-4b18-9330-0447b12227fd;2026-04-23T14:39:52.223Z
3d3c7d7e-1c79-443b-8c55-9e003b9b038a;b3032c72-dda9-4e0b-a4e7-113190a54abe;IN_TRANSIT;IN_PROGRESS;Demo transition to in progress;"{""source"":""manual_transition""}";b7be9627-c5ea-4b18-9330-0447b12227fd;2026-04-23T14:39:52.359Z
8bd0c141-c9f9-434b-9cc5-786c275efa5a;b3032c72-dda9-4e0b-a4e7-113190a54abe;IN_PROGRESS;COMPLETED;Check-out do tecnico;;b7be9627-c5ea-4b18-9330-0447b12227fd;2026-04-23T14:39:52.760Z
c09933ce-095c-49b5-b046-fab504822f9e;3511dcf2-5a48-4b20-9431-05d195db2e22;;SCHEDULED;Criacao da ordem de servico;;b7be9627-c5ea-4b18-9330-0447b12227fd;2026-04-23T14:40:08.027Z
341227fe-110c-497a-b94e-7ce8603fa401;3511dcf2-5a48-4b20-9431-05d195db2e22;SCHEDULED;IN_TRANSIT;E2E transition IN_TRANSIT;"{""source"":""manual_transition""}";b7be9627-c5ea-4b18-9330-0447b12227fd;2026-04-23T14:40:08.199Z
d3288997-fff8-464c-a91b-ae036c21369e;3511dcf2-5a48-4b20-9431-05d195db2e22;IN_TRANSIT;IN_PROGRESS;E2E transition IN_PROGRESS;"{""source"":""manual_transition""}";b7be9627-c5ea-4b18-9330-0447b12227fd;2026-04-23T14:40:08.293Z
46e985ac-b6c3-462e-9253-226c4fdb0feb;3511dcf2-5a48-4b20-9431-05d195db2e22;IN_PROGRESS;COMPLETED;Check-out do tecnico;;b7be9627-c5ea-4b18-9330-0447b12227fd;2026-04-23T14:40:08.532Z
8bbe59bc-728c-42b0-8e91-63b754291b7c;4e0cf0a4-f9b1-4d01-91d8-9f48fc1d1950;;SCHEDULED;Criacao da ordem de servico;;b7be9627-c5ea-4b18-9330-0447b12227fd;2026-04-23T14:40:50.286Z
f0cb8d28-0e3b-4d42-84db-a492ba9209f2;4e0cf0a4-f9b1-4d01-91d8-9f48fc1d1950;SCHEDULED;IN_TRANSIT;Demo transition to transit;"{""source"":""manual_transition""}";b7be9627-c5ea-4b18-9330-0447b12227fd;2026-04-23T14:40:50.492Z
d3a2e224-55f0-4938-a477-07f636e2cb16;4e0cf0a4-f9b1-4d01-91d8-9f48fc1d1950;IN_TRANSIT;IN_PROGRESS;Demo transition to in progress;"{""source"":""manual_transition""}";b7be9627-c5ea-4b18-9330-0447b12227fd;2026-04-23T14:40:50.579Z
5c603cac-b5ef-4a98-9273-e7deaa9493bd;4e0cf0a4-f9b1-4d01-91d8-9f48fc1d1950;IN_PROGRESS;COMPLETED;Check-out do tecnico;;b7be9627-c5ea-4b18-9330-0447b12227fd;2026-04-23T14:40:50.823Z
4af1cc9e-c8ce-4660-8718-ca6cde9cd1f3;80df57e9-b944-4c6c-b676-9bfa77ecda50;;SCHEDULED;Criacao da ordem de servico;;b7be9627-c5ea-4b18-9330-0447b12227fd;2026-04-23T14:41:23.591Z
f0be6509-094e-49de-9fda-eb3e8fbb337e;80df57e9-b944-4c6c-b676-9bfa77ecda50;SCHEDULED;IN_TRANSIT;E2E transition IN_TRANSIT;"{""source"":""manual_transition""}";b7be9627-c5ea-4b18-9330-0447b12227fd;2026-04-23T14:41:23.807Z
2432559e-f2f1-4684-a39f-ecba937e632c;80df57e9-b944-4c6c-b676-9bfa77ecda50;IN_TRANSIT;IN_PROGRESS;E2E transition IN_PROGRESS;"{""source"":""manual_transition""}";b7be9627-c5ea-4b18-9330-0447b12227fd;2026-04-23T14:41:23.903Z
99b3964f-3acf-45b1-8d49-d1b7bec74e09;80df57e9-b944-4c6c-b676-9bfa77ecda50;IN_PROGRESS;COMPLETED;Check-out do tecnico;;b7be9627-c5ea-4b18-9330-0447b12227fd;2026-04-23T14:41:24.216Z